"id","name","latitude","longitude","rating","author","review"
"1","뼈탄집","37.5357794","126.9729383","5","감사본부 3년차 시니어","이용 시간 2시간 제한이라 회식이 강제로 끝남. 2차 가자는 매니저님 피할 명분 생겨서 별 다섯 개 드립니다. 숙성 삼겹은 진짜 맛있음."
"2","고산식육점","37.5299155","126.9702022","5","세무본부 매니저","콜키지 프리라서 집에 쌓여 있는 양주 처리하기 딱 좋음. 지리산 흑돼지 먹으면서 '이게 진짜 실재성 있는 고기다' 드립 쳤다가 분위기 싸해짐."
"3","김숙성","37.5298640","126.9699558","4","감사본부 1년차 스탭","역에서 가까워서 야근 끝나고 막차 시간 계산하기 편함. 예약했는데 20분 기다림. 클라이언트 자료 기다리는 것보다는 짧아서 참을 만했음."
"4","육몽","37.5334385","126.9734990","4","딜본부 시니어","4인 세트 18.5만 원. 가격대가 있어 특별한 날 강추합니다. 캐비어 계란찜은 딜 클로징 날 먹어야 맛이 납니다."
"5","솔직한우","37.5263840","126.9638417","5","감사본부 파트너","고기를 직접 골라서 샘플링하는 재미가 있음. 1+ 등급인데 가격이 합리적이라 팀원들한테 생색내기 좋음. 4층까지 있어서 본부 회식도 가능합니다. ↳ 답글(같은 팀 스탭): ""파트너님 여기 오시면 우리 3시간 못 나가요… 참고하세요"""
"6","금은돈","37.5241581","126.9649118","5","감사본부 2년차","주말 저녁인데 웨이팅 없음. 바쁜 시즌 토요일 출근하고 동기들이랑 오기 좋음. 직원분이 구워주셔서 손 하나 까딱 안 해도 됨. 조서 작성으로 손목 나간 사람들한테 추천."
"7","돈뜰","37.5316292","126.9721933","4","어드바이저리 매니저","룸이 있어서 조용히 대화하기 좋은 분위기였습니다. 다만 옆방에서 다른 법인 사람들 목소리 들리면 대화 주제 조심하세요."
"8","용돈집","37.5237585","126.9615564","4","감사본부 인턴","리뷰가 2개뿐이라 회사 사람 마주칠 확률 0%. 혼자 조용히 먹고 싶을 때 오는 숨은 곳. 이름이 용돈집이라 인턴 월급에 딱 맞는 느낌."
"9","백옥","37.5246871","126.9649477","5","감사본부 4년차 시니어","전날 회식 다음 날 해장 1순위. 돼지곰탕이 담백해서 숙취 상태로 감사보고서 검토해도 정신이 맑아지는 기분. 혼밥하기도 편함."
"10","제주옥","37.5297922","126.9699433","4","세무본부 스탭","테이블이 너무 붙어 있어서 옆 테이블이 우리 팀이면 그냥 회의임. 고기국수는 진짜 맛있음. 저녁에 가면 품절이라 점심에 뛰어가세요."
"11","가야해장","37.5456993","126.9701584","5","감사본부 매니저","곱창국밥 하루 20그릇 한정. 결산 마감처럼 늦으면 끝입니다. 해장하러 갔다가 또 한잔하게 되는 곳이니 오전 미팅 있는 날은 피하세요."
"12","중화객잔 수","37.5315205","126.9718226","4","감사본부 2년차","탕수육은 찍먹 부먹으로 팀 의견이 갈려서 결국 인차지 시니어님이 결정함. 위계질서가 확실한 맛. 나머지 메뉴는 무난."
"13","라오삐약","37.5310440","126.9710088","4","어드바이저리 시니어","동남아 출장 다녀온 사람이 '현지 맛은 아니다'라고 한 줄 평 남김. 그래도 테라스에서 먹으면 잠깐 휴가 온 기분. 연차 못 쓰는 사람들한테 추천."
"14","효뜨","37.5287167","126.9701067","3","감사본부 1년차","인테리어 때문에 인스타 스토리용으로 옴. 맛은 무난하고 좀 달아요. 피크타임 20분 웨이팅은 점심시간 1시간인 우리한테는 치명적이니 일찍 가세요."
"15","쌤쌤쌤","37.5315562","126.9721313","5","감사본부 3년차","용산 최고의 맛집. 예약이 바쁜 시즌 휴가 잡기보다 어려움. 동기들이랑 먹기 좋음. 파트너님 데리고 오지 마세요. 단호박 뇨끼 먹다가 '이게 행복이지' 하는 순간 슬랙 알림 옴."
"16","심퍼티쿠스","37.5321497","126.9720606","4","딜본부 스탭","음식은 맛있는데 자리 안내 프로세스에 내부통제 미비사항 발견. 개선 권고드립니다. 오픈런하면 대기 없음."
"17","컴피 삼각지","37.5307286","126.9699054","4","세무본부 2년차","음악이 너무 커서 업무 얘기가 불가능함. 오히려 좋아. 회사 얘기 금지된 동기 모임 장소로 추천."
"18","드포레","37.5260308","126.9639231","5","감사본부 매니저","소개팅 장소로 썼는데 상대방이 '회계사면 바쁘시겠네요'라고 함. 분위기 좋아서 애프터 받음. 그 후로 바쁜 시즌이 와서 연락이 끊김."
"19","타파코파","37.5325016","126.9731819","5","어드바이저리 시니어","뽈뽀에 화이트와인 조합 최고. 가격은 좀 있어서 성과급 나온 주에 오세요. 예약 안 하면 웨이팅 있음."
"20","핫피엔도","37.5325803","126.9722036","5","감사본부 4년차","고등어봉초밥 하나도 안 비림. 바쁜 시즌 끝난 날 팀원들이랑 와서 해피엔딩 찍었습니다. 가게 이름이 곧 우리의 소원."
"21","삼각지실비집","37.5338861","126.9718966","5","감사본부 시니어","18시 오픈인데 17시 40분에 예약 끝남. 우리는 18시에 퇴근할 수가 없어서 영원히 못 가는 곳. 간신히 한 번 갔는데 반건조 오징어 맛있었어요. 회식 장소로 추천."
"22","스투엘","37.5318830","126.9724749","3","딜본부 매니저","분위기는 좋은데 와인 리스트가 얕음. 실사(DD) 결과 개선 필요. 2차로 분위기 내기엔 괜찮습니다."
